Domain,Status,Attractiveness,Demand,Length,Sectors,Created,Expires,Registrar
one.video,available,132,44%,3,"Business,General,Media,Technology",,,
second.video,available,120,23%,6,"General,Mathematics",,,
complete.video,available,120,21%,8,"Manufacturing,Retail,Technology",,,
wizard.video,resell,118,42%,6,"Entertainment,Media,Technology",03/08/2022 05:02,03/08/2026 05:02,"GoDaddy.com, LLC"
tenth.video,available,116,7%,5,Mathematics,,,
equal.video,available,116,19%,5,"Education,General,Law",,,
hotshot.video,available,112,14%,7,"Business,Entertainment,Sports",,,
above.video,available,112,22%,5,Business,,,
acute.video,available,112,9%,5,"Mathematics,Medicine,Science",,,
abstract.video,available,108,29%,8,"Arts,Humanities,Science",,,
abiding.video,available,106,5%,7,"General,Religion",,,
expert.video,available,104,26%,6,"Business,Education,Technology",,,
teen.video,available,104,14%,4,"Education,Entertainment,Healthcare",,,
active.video,available,104,27%,6,"Health and Fitness,Sports,Travel",,,
eight.video,available,102,23%,5,"General,Mathematics",,,
absent.video,available,102,8%,6,"Business,Education,Technology",,,
crack.video,available,100,20%,5,Sports,,,
sixth.video,available,100,8%,5,Mathematics,,,
eighth.video,available,100,6%,6,Mathematics,,,
abrupt.video,available,100,3%,6,"Medicine,Science",,,
ninth.video,available,100,9%,5,Mathematics,,,
whiz.video,available,100,12%,4,"Business,Education,Technology",,,
adjunct.video,available,100,5%,7,Education,,,
third.video,available,100,16%,5,Mathematics,,,
genius.video,available,98,46%,6,"Arts,Education,Technology",,,
whizz.video,available,98,11%,5,"Business,Education,Technology",,,
doable.video,available,96,9%,6,"Business,Education,Technology",,,
academic.video,available,96,20%,8,"Education,Humanities,Science",,,
forgiving.video,available,96,3%,9,"Healthcare,Religion",,,
abject.video,available,94,7%,6,Humanities,,,
about.video,available,94,28%,5,"Business,General,Media,Technology",,,
adequate.video,available,94,9%,8,"Education,Healthcare,Technology",,,
virtuoso.video,available,94,16%,8,"Arts,Entertainment",,,
exemplary.video,available,92,5%,9,"Business,Education,Healthcare",,,
next.video,available,92,43%,4,"Retail,Technology,Transportation",,,
neutral.video,available,92,20%,7,"Business,Media,Politics",,,
adept.video,available,92,24%,5,"Education,Health and Fitness,Sports",,,
twentieth.video,available,92,3%,9,Mathematics,,,
adjective.video,available,92,5%,9,Education,,,
derelict.video,available,92,7%,8,"Construction,Real Estate",,,
nought.video,available,92,4%,6,Mathematics,,,
addictive.video,available,90,9%,9,Healthcare,,,
additional.video,available,90,8%,10,"Fashion,Retail,Technology",,,
adoring.video,available,90,2%,7,"Entertainment,Fashion,Retail",,,
gripping.video,available,90,3%,8,"Entertainment,Media,Technology",,,
endearing.video,available,90,1%,9,"Entertainment,Fashion,Retail",,,
abortive.video,available,90,1%,8,"Medicine,Science",,,
leash.video,available,90,7%,5,"General,Health and Fitness,Retail",,,
activist.video,available,88,12%,8,"Humanities,Politics",,,
hundred.video,available,88,14%,7,Mathematics,,,
ace.video,available,88,34%,3,Sports,,,
fifteen.video,available,88,13%,7,Mathematics,,,
proficient.video,available,88,8%,10,"Education,Health and Fitness,Sports",,,
ten.video,available,88,28%,3,"General,Mathematics",,,
adlib.video,available,88,7%,6,Entertainment,,,
sixteen.video,available,88,11%,7,Mathematics,,,
extempore.video,available,86,3%,9,Entertainment,,,
xiv.video,available,86,12%,3,Mathematics,,,
cipher.video,available,86,29%,6,Mathematics,,,
recondite.video,available,86,4%,9,"Arts,Humanities,Science",,,
aboriginal.video,available,86,10%,10,Humanities,,,
xix.video,available,86,11%,3,Mathematics,,,
star.video,available,86,40%,4,"Entertainment,Media,Sports",,,
adolescent.video,available,86,3%,10,"Education,Entertainment,Healthcare",,,
engrossing.video,available,86,0%,10,"Entertainment,Media,Technology",,,
attendant.video,available,86,5%,9,"Healthcare,Hospitality,Transportation",,,
thousand.video,available,84,8%,8,Mathematics,,,
acting.video,available,84,12%,6,Entertainment,,,
twentytwo.video,available,84,11%,10,Mathematics,,,
twentyone.video,available,84,13%,10,Mathematics,,,
deviate.video,available,84,12%,7,"Medicine,Science",,,
grand.video,available,84,25%,5,"Finance,General",,,
thirteen.video,available,84,10%,8,Mathematics,,,
adjustable.video,available,84,3%,10,"Manufacturing,Retail,Technology",,,
accessory.video,available,84,8%,9,"Fashion,Retail,Technology",,,
nineteen.video,available,84,8%,8,Mathematics,,,
seventeen.video,available,84,7%,9,Mathematics,,,
dozen.video,available,82,10%,5,Mathematics,,,
abroach.video,available,82,1%,7,Food and Beverage,,,
cleansing.video,available,82,3%,9,Health and Fitness,,,
altered.video,resell,82,9%,7,"Medicine,Science",20/06/2025 03:02,20/06/2026 03:02,Porkbun LLC
abdominal.video,available,82,1%,9,"Health and Fitness,Medicine",,,
decade.video,available,82,10%,6,Mathematics,,,
abkhaz.video,available,82,1%,6,Geography,,,
absorbent.video,available,82,3%,9,"Healthcare,Manufacturing,Retail",,,
fivesome.video,available,82,1%,8,Sports,,,
abenaki.video,available,82,2%,7,Geography,,,
worshipful.video,available,80,1%,10,"Education,Healthcare,Religion",,,
sequent.video,available,80,7%,7,"Healthcare,Insurance,Transportation",,,
adoptable.video,available,80,3%,9,"Education,Healthcare",,,
some.video,resell,80,32%,4,"Business,Media,Retail",22/07/2018 08:03,22/07/2031 08:03,Automattic Inc.
twenty.video,available,80,12%,6,Mathematics,,,
seventh.video,available,80,10%,7,Mathematics,,,
two.video,available,80,24%,3,Mathematics,,,
wiz.video,available,80,30%,3,"Business,Education,Technology",,,
able.video,expiring,80,29%,4,"Business,Education,General,Technology",05/09/2019 09:05,05/09/2025 09:05,Synergy Wholesale Accreditations Pty Ltd
absorbable.video,available,80,0%,10,"Healthcare,Pharmaceuticals,Science",,,
superstar.video,expired,80,18%,9,Entertainment,09/06/2024 17:00,09/06/2025 17:00,Domain Science Kutatási Szolgáltató Korlátolt Felelősségű Társaság
capable.video,available,80,12%,7,"Business,Education,Technology",,,
nine.video,available,80,24%,4,"General,Mathematics",,,
absolute.video,available,80,25%,8,"Engineering,Mathematics,Science",,,
absurd.video,available,80,16%,6,"Arts,Entertainment,Media",,,
trio.video,available,80,21%,4,Entertainment,,,
forty.video,available,80,9%,5,Mathematics,,,
dorsal.video,available,80,6%,6,"Medicine,Science",,,
abundant.video,available,80,19%,8,"Agriculture,Manufacturing,Retail",,,
adorable.video,available,78,8%,8,"Entertainment,Fashion,Retail",,,
adjacent.video,available,78,9%,8,"Construction,Real Estate,Retail",,,
accidental.video,available,78,11%,10,"Healthcare,Insurance,Transportation",,,
sixtynine.video,available,78,8%,10,Mathematics,,,
recognised.video,available,78,3%,10,"Business,Education,Technology",,,
honestly.video,available,78,9%,8,"Business,Law",,,
abkhazian.video,available,78,1%,9,Geography,,,
accepted.video,available,78,6%,8,"Business,Education,Technology",,,
abounding.video,available,78,2%,9,Agriculture,,,
twentysix.video,available,78,8%,10,Mathematics,,,
adrenal.video,available,78,4%,7,"Education,Healthcare,Science",,,
recognized.video,available,78,3%,10,"Business,Education,Technology",,,
acceptable.video,available,78,5%,10,"Business,Hospitality,Retail",,,
abkhasian.video,available,78,1%,9,Geography,,,
absorptive.video,available,78,1%,10,"Healthcare,Manufacturing,Retail",,,
athletic.video,available,78,15%,8,"Health and Fitness,Sports",,,
acceptant.video,available,78,1%,9,"Education,Healthcare",,,
dormant.video,available,78,4%,7,"Medicine,Science",,,
low.video,expired,78,20%,3,"Business,Finance",28/06/2024 08:39,28/06/2025 08:39,Server Plan Srl
nineteenth.video,available,76,3%,10,Mathematics,,,
obscene.video,available,76,5%,7,"Entertainment,Media",,,
firstrate.video,available,76,6%,10,Business,,,
thousandth.video,available,76,1%,10,Mathematics,,,
ague.video,available,76,2%,4,"Geography,Medicine,Science",,,
addable.video,available,76,2%,7,"Engineering,Mathematics,Science",,,
thirteenth.video,available,76,4%,10,Mathematics,,,
energizing.video,available,76,3%,10,"Food and Beverage,Health and Fitness,Travel",,,
fourteenth.video,available,76,1%,10,Mathematics,,,
fifteenth.video,available,76,2%,9,Mathematics,,,
ventral.video,available,76,3%,7,Science,,,
incidental.video,available,76,4%,10,"Healthcare,Insurance,Transportation",,,
eighteen.video,resell,76,7%,8,Mathematics,06/05/2015 17:00,06/05/2026 17:00,"Spaceship, Inc."
improvise.video,available,76,4%,9,Entertainment,,,
adherent.video,available,76,4%,8,"Politics,Religion",,,
ancillary.video,available,76,6%,9,"Healthcare,Manufacturing,Technology",,,
resultant.video,available,76,2%,9,"Healthcare,Insurance,Transportation",,,
adipose.video,available,76,2%,7,"Healthcare,Science",,,
hundredth.video,available,76,1%,9,Mathematics,,,
adaptive.video,available,76,28%,8,"Business,Education,Technology",,,
abrasive.video,available,76,6%,8,"Construction,Manufacturing",,,
adhesive.video,available,76,7%,8,"Construction,Manufacturing,Technology",,,
adaptable.video,available,76,9%,9,"Business,Education,Technology",,,
auxiliary.video,available,76,7%,9,"Healthcare,Manufacturing,Technology",,,
threed.video,available,76,7%,7,Technology,,,
acoustic.video,available,76,14%,8,Science,,,
adapted.video,available,74,6%,7,"Healthcare,Manufacturing,Technology",,,
playing.video,available,74,12%,7,Entertainment,,,
accepting.video,available,74,3%,9,"Education,Healthcare",,,
adamant.video,available,74,14%,7,Religion,,,
mavin.video,available,74,7%,5,"Entertainment,Fashion,Technology",,,
adrenergic.video,available,74,1%,10,"Education,Healthcare,Science",,,
skilful.video,available,74,3%,7,"Education,Health and Fitness,Sports",,,
cleared.video,available,74,7%,7,"Healthcare,Law,Transportation",,,
aberrant.video,available,74,6%,8,"Medicine,Science",,,
supra.video,available,74,25%,5,"Medicine,Science",,,
activated.video,available,74,9%,9,"Healthcare,Manufacturing,Technology",,,
broad.video,available,74,13%,5,"Entertainment,General,Media",,,
adenoid.video,available,74,1%,7,"Health and Fitness,Medicine,Science",,,
acuate.video,available,74,2%,6,"Engineering,Medicine,Science",,,
abnormal.video,available,74,16%,8,"Medicine,Science",,,
manageable.video,available,74,4%,10,"Business,Education,Technology",,,
sensation.video,available,74,7%,9,"Entertainment,Media,Sports",,,
achievable.video,available,74,4%,10,"Business,Education,Technology",,,
realizable.video,available,74,1%,10,"Business,Education,Technology",,,
admirable.video,available,74,5%,9,"Business,Education,Healthcare",,,
adiabatic.video,available,72,3%,9,"Engineering,Science",,,
abreast.video,available,72,2%,7,"Business,Technology",,,
accusative.video,available,72,0%,10,"Humanities,Law",,,
addicted.video,available,72,9%,8,Healthcare,,,
trey.video,available,72,14%,4,Sports,,,
liv.video,available,72,27%,3,Mathematics,,,
engrossed.video,available,72,1%,9,"Entertainment,Media,Technology",,,
aching.video,available,72,4%,6,Healthcare,,,
adaptative.video,available,72,1%,10,"Business,Education,Technology",,,
absorbed.video,available,72,2%,8,"Entertainment,Media,Technology",,,
lovely.video,available,72,26%,6,"Entertainment,Fashion,Retail",,,
sixtieth.video,available,72,1%,8,Mathematics,,,
seventieth.video,available,72,1%,10,Mathematics,,,
adjectival.video,available,72,1%,10,Education,,,
abloom.video,available,72,5%,6,Agriculture,,,
adjunctive.video,available,72,1%,10,"Healthcare,Manufacturing,Technology",,,
accustomed.video,available,72,1%,10,"Business,Education,Humanities",,,
ninetieth.video,available,72,1%,9,Mathematics,,,
champion.video,available,72,28%,8,"Entertainment,Health and Fitness,Sports",,,
adonic.video,available,72,2%,6,"Arts,Education,Entertainment",,,
improvize.video,available,72,1%,9,Entertainment,,,
deep.video,resell,72,41%,4,"Engineering,Mathematics,Science",04/05/2021 15:26,04/05/2026 15:26,Dynadot Inc
absolutist.video,available,72,1%,10,"Humanities,Law,Politics",,,
ablaze.video,available,72,6%,6,Entertainment,,,
existent.video,available,72,3%,8,"Mathematics,Science",,,
eightieth.video,available,72,1%,9,Mathematics,,,
ternary.video,available,72,7%,7,Mathematics,,,
skillful.video,available,70,9%,8,"Education,Health and Fitness,Sports",,,
stillborn.video,available,70,2%,9,"Medicine,Science",,,
adjusted.video,available,70,5%,8,"Manufacturing,Retail,Technology",,,
admired.video,available,70,5%,7,"Business,Education,Healthcare",,,
offhand.video,available,70,2%,7,Entertainment,,,
lowdown.video,available,70,6%,8,"Entertainment,Media",,,
absorbing.video,available,70,3%,9,"Entertainment,Media,Technology",,,
gymnastic.video,available,70,3%,9,"Entertainment,Sports",,,
abulic.video,available,70,1%,6,Medicine,,,
practiced.video,available,70,3%,9,"Education,Health and Fitness,Sports",,,
adored.video,available,70,6%,6,"Entertainment,Fashion,Retail",,,
miserable.video,available,70,4%,9,Humanities,,,
recumbent.video,available,70,2%,9,"Healthcare,Medicine,Science",,,
acuminate.video,available,70,1%,9,"Engineering,Medicine,Science",,,
abradant.video,available,70,1%,8,"Construction,Manufacturing",,,
accumbent.video,available,70,1%,9,"Healthcare,Medicine,Science",,,
adamantine.video,available,70,4%,10,Religion,,,
consequent.video,available,70,3%,10,"Business,Education,General,Technology",,,
activating.video,available,68,3%,10,"Healthcare,Manufacturing,Technology",,,
scurvy.video,available,68,3%,6,Humanities,,,
aberdonian.video,available,68,1%,10,Geography,,,
abnaki.video,available,68,1%,6,Geography,,,
sevener.video,available,68,1%,7,Mathematics,,,
fiftieth.video,available,68,0%,8,Mathematics,,,
threesome.video,available,68,5%,9,Entertainment,,,
achaian.video,available,68,2%,7,Humanities,,,
thirtieth.video,available,68,1%,9,Mathematics,,,
licensed.video,available,68,5%,8,"Business,Healthcare,Insurance",,,
stygian.video,available,68,5%,7,Humanities,,,
overseas.video,available,68,12%,8,"Hospitality,Travel",,,
abkhas.video,available,68,0%,6,Geography,,,
ablative.video,available,68,3%,8,Science,,,
fortieth.video,available,68,0%,8,Mathematics,,,
achaean.video,available,68,2%,7,Humanities,,,
acerate.video,available,68,1%,7,Science,,,
accredited.video,available,68,9%,10,"Business,Education,Healthcare",,,
ane.video,available,68,12%,3,Mathematics,,,
ennead.video,available,68,5%,6,Mathematics,,,
aculeate.video,available,68,1%,8,"Engineering,Medicine,Science",,,
septenary.video,available,68,1%,9,Mathematics,,,
foursome.video,available,68,4%,8,Sports,,,
aroused.video,available,68,3%,7,"Entertainment,Health and Fitness",,,
licenced.video,available,68,2%,8,"Business,Healthcare,Insurance",,,
octonary.video,available,68,1%,8,Mathematics,,,
decorated.video,available,68,3%,9,"Entertainment,Fashion,Retail",,,
vindicated.video,available,68,2%,10,"Humanities,Law,Politics",,,
disciple.video,available,68,14%,8,"Education,Religion",,,
abducent.video,available,68,0%,8,Medicine,,,
sextet.video,available,66,1%,6,Entertainment,,,
teenager.video,available,66,4%,8,"Education,Entertainment,Healthcare",,,
xxvi.video,available,66,3%,4,Mathematics,,,
century.video,available,66,17%,7,Education,,,
xxi.video,available,66,10%,3,Mathematics,,,
latest.video,available,66,18%,6,Technology,,,
xviii.video,available,66,5%,5,Mathematics,,,
according.video,available,66,3%,9,"Business,Education,Technology",,,
xvii.video,available,66,5%,4,Mathematics,,,
performing.video,available,66,6%,10,Entertainment,,,
xiii.video,available,66,9%,4,Mathematics,,,
accessary.video,available,66,1%,9,"Business,Law,Technology",,,
adorned.video,available,66,5%,7,"Entertainment,Fashion,Retail",,,
xii.video,available,66,10%,3,Mathematics,,,
xxii.video,available,66,6%,4,Mathematics,,,
four.video,available,66,27%,4,Mathematics,,,
acervate.video,available,66,1%,8,Science,,,
thirty.video,available,66,8%,6,Mathematics,,,
tenner.video,available,66,5%,6,Finance,,,
abstinent.video,available,66,1%,9,"Health and Fitness,Religion",,,
xvi.video,available,66,5%,3,Mathematics,,,
acrobatic.video,available,66,4%,9,"Entertainment,Sports",,,
modish.video,available,66,5%,6,Fashion,,,
ninety.video,available,66,11%,6,Mathematics,,,
adopted.video,available,66,4%,7,"Education,Healthcare",,,
xxv.video,available,66,6%,3,Mathematics,,,
clv.video,available,66,10%,3,Mathematics,,,
acappella.video,available,66,6%,10,Entertainment,,,
eighty.video,available,66,6%,6,Mathematics,,,
fifty.video,available,66,12%,5,Mathematics,,,
deuce.video,available,66,9%,5,Sports,,,
onec.video,available,66,6%,5,Mathematics,,,
six.video,resell,66,26%,3,Mathematics,16/05/2016 17:05,16/05/2026 17:05,"GoDaddy.com, LLC"
exonerated.video,available,66,2%,10,"Humanities,Law,Politics",,,
buzzing.video,available,66,7%,7,"Entertainment,Media,Technology",,,
adagio.video,available,64,14%,6,Entertainment,,,
aflame.video,available,64,3%,6,Entertainment,,,
absolved.video,available,64,1%,8,"Humanities,Law,Religion",,,
deviant.video,available,64,12%,7,"Medicine,Science",,,
acentric.video,available,64,2%,8,Science,,,
scatty.video,available,64,1%,6,"Arts,Entertainment,Media",,,
nondrinker.video,available,64,1%,10,"Health and Fitness,Religion",,,
ccc.video,available,64,38%,3,Mathematics,,,
accordant.video,available,64,3%,9,"Arts,Entertainment",,,
rising.video,available,64,18%,6,"Construction,Manufacturing,Real Estate",,,
astringent.video,available,64,1%,10,"Healthcare,Pharmaceuticals",,,
fortyfour.video,available,62,6%,10,Mathematics,,,
orso.video,available,62,9%,5,"Business,Media,Technology",,,
admissible.video,available,62,1%,10,"Education,Healthcare,Law",,,
sixteenth.video,available,62,1%,9,Mathematics,,,
pungent.video,available,62,1%,7,Food and Beverage,,,
aborigine.video,available,62,1%,9,Humanities,,,
cumulative.video,available,62,2%,10,"Banking,Finance,Insurance",,,
activistic.video,available,62,1%,10,"Humanities,Politics",,,
roughly.video,available,62,3%,7,"Business,Media,Technology",,,
longdozen.video,available,62,2%,10,Mathematics,,,
accusing.video,available,62,1%,8,Law,,,
troika.video,available,62,8%,6,Politics,,,
acidic.video,available,62,5%,6,"Food and Beverage,Science",,,
accrued.video,available,62,2%,7,"Banking,Finance,Insurance",,,
aufait.video,available,62,3%,7,"Fashion,Media",,,
adoptive.video,available,62,1%,8,"Education,Healthcare",,,
playacting.video,available,62,1%,10,Entertainment,,,
twodozen.video,available,62,1%,9,Mathematics,,,
nail.video,available,62,16%,4,"Construction,Fashion,General,Retail",,,
ensuant.video,available,62,1%,7,"Healthcare,Insurance,Transportation",,,
exculpated.video,available,62,1%,10,"Humanities,Law,Politics",,,
eighteenth.video,available,62,1%,10,Mathematics,,,
eleventh.video,available,62,5%,8,Mathematics,,,
quartet.video,available,62,7%,7,"Arts,Entertainment",,,
chiliad.video,available,62,2%,7,Mathematics,,,
adjuvant.video,available,62,5%,8,"Healthcare,Manufacturing,Technology",,,
abo.video,available,62,15%,3,Science,,,
xcl.video,available,60,5%,3,Mathematics,,,
clxxv.video,available,60,1%,5,Mathematics,,,
clxv.video,available,60,1%,4,Mathematics,,,
cxlv.video,available,60,2%,4,Mathematics,,,
tertiary.video,available,60,4%,8,Education,,,
clxx.video,available,60,3%,4,Mathematics,,,
clxxx.video,available,60,1%,5,Mathematics,,,
cautionary.video,available,60,1%,10,"Business,Education,Healthcare",,,
eightysix.video,available,60,7%,10,Mathematics,,,
abashed.video,available,60,1%,7,Humanities,,,
acceptive.video,available,60,1%,9,"Education,Healthcare",,,
cxl.video,available,60,7%,3,Mathematics,,,
abstainer.video,available,60,0%,9,"Health and Fitness,Religion",,,
cxx.video,available,60,10%,3,Mathematics,,,
thou.video,available,60,7%,4,Mathematics,,,
paunchy.video,available,60,0%,7,"Health and Fitness,Medicine",,,
cxxv.video,available,60,1%,4,Mathematics,,,
idolised.video,available,60,1%,8,"Entertainment,Fashion,Retail",,,
aboveboard.video,available,60,5%,10,"Business,Law",,,
cxv.video,available,60,4%,3,Mathematics,,,
adnate.video,available,60,1%,6,"Agriculture,Manufacturing,Retail",,,
abstemious.video,available,60,0%,10,"Food and Beverage,Health and Fitness,Hospitality",,,
cxxxv.video,available,60,2%,5,Mathematics,,,
idolized.video,available,60,3%,8,"Entertainment,Fashion,Retail",,,
clx.video,available,60,10%,3,Mathematics,,,
cxxx.video,available,60,4%,4,Mathematics,,,
annexal.video,available,60,1%,7,"Agriculture,Manufacturing,Retail",,,
adnexal.video,available,60,1%,7,"Agriculture,Manufacturing,Retail",,,
tercet.video,available,59,2%,6,"Arts,Entertainment,Media",,,
octad.video,available,58,5%,5,Mathematics,,,
offhanded.video,available,58,1%,9,Entertainment,,,
alacarte.video,available,58,11%,10,Food and Beverage,,,
aucourant.video,available,58,3%,10,"Fashion,Media",,,
abandoned.video,available,58,10%,9,"Construction,Real Estate",,,
accented.video,available,58,3%,8,"Arts,Entertainment",,,
ache.video,available,58,7%,4,Healthcare,,,
twelfth.video,available,58,2%,7,Mathematics,,,
abused.video,available,58,5%,6,"Healthcare,Law",,,
enwrapped.video,available,58,0%,9,"Entertainment,Fashion,Media",,,
accretive.video,available,58,6%,9,"Banking,Finance,Insurance",,,
fourscore.video,available,58,4%,9,Mathematics,,,
pentad.video,available,58,2%,6,Mathematics,,,
heptad.video,available,58,1%,6,Mathematics,,,
cypher.video,available,58,29%,6,Mathematics,,,
acyclic.video,available,58,4%,7,"Engineering,Mathematics,Science",,,
acetic.video,available,58,1%,6,"Food and Beverage,Science",,,
addressed.video,available,58,3%,9,"Business,Technology,Telecommunications",,,
abridged.video,available,58,4%,8,Media,,,
linear.video,available,58,22%,6,"Engineering,Mathematics,Science",,,
lxxviii.video,available,58,1%,7,Mathematics,,,
fourth.video,available,58,13%,6,Mathematics,,,
abuzz.video,available,58,5%,5,"Entertainment,Media,Technology",,,
adjustive.video,available,58,1%,9,"Manufacturing,Retail,Technology",,,
justabout.video,available,58,3%,10,"Business,Media,Technology",,,
closeto.video,available,58,3%,8,"Business,Media,Technology",,,
addible.video,available,58,2%,7,"Engineering,Mathematics,Science",,,
sixtyone.video,available,58,3%,9,Mathematics,,,
adhoc.video,available,58,24%,6,"Business,Engineering,Technology",,,
adient.video,available,58,4%,6,"Medicine,Science",,,
tetrad.video,available,58,5%,6,Mathematics,,,
seventy.video,available,58,7%,7,Mathematics,,,
quintet.video,available,58,8%,7,"Arts,Entertainment",,,
accoutred.video,available,58,1%,9,"Fashion,Manufacturing,Retail",,,
lxxx.video,available,58,2%,4,Mathematics,,,
eighter.video,available,58,2%,7,Mathematics,,,
actuarial.video,available,58,8%,9,"Finance,Insurance,Mathematics",,,
niner.video,available,58,5%,5,Mathematics,,,
centesimal.video,available,58,1%,10,Mathematics,,,
sixer.video,available,58,5%,5,Sports,,,
sextuplet.video,available,58,1%,9,Healthcare,,,
fifth.video,available,58,12%,5,Mathematics,,,
xxiii.video,available,56,5%,5,Mathematics,,,
xlv.video,available,56,6%,3,Mathematics,,,
admissive.video,available,56,1%,9,"Education,Healthcare,Hospitality",,,
lvii.video,available,56,1%,4,Mathematics,,,
fortysix.video,available,56,3%,9,Mathematics,,,
admittable.video,available,56,1%,10,"Education,Healthcare,Hospitality",,,
accoutered.video,available,56,0%,10,"Fashion,Manufacturing,Retail",,,
thirtysix.video,available,56,5%,10,Mathematics,,,
fortyone.video,available,56,4%,9,Mathematics,,,
xxiv.video,available,56,5%,4,Mathematics,,,
addled.video,available,56,2%,6,Entertainment,,,
lii.video,available,56,7%,3,Mathematics,,,
xxxvi.video,available,56,1%,5,Mathematics,,,
thirtyone.video,available,56,5%,10,Mathematics,,,
terzetto.video,available,56,3%,8,Arts,,,
xlviii.video,available,56,1%,6,Mathematics,,,
lviii.video,available,56,1%,5,Mathematics,,,
xxix.video,available,56,4%,4,Mathematics,,,
abdominous.video,available,56,0%,10,"Health and Fitness,Medicine",,,
lvi.video,available,56,8%,3,Mathematics,,,
triad.video,available,56,15%,5,Arts,,,
admittible.video,available,56,1%,10,"Education,Healthcare,Hospitality",,,
xlvi.video,available,56,3%,4,Mathematics,,,
xxxviii.video,available,56,1%,7,Mathematics,,,
xlvii.video,available,56,2%,5,Mathematics,,,
xlii.video,available,56,5%,4,Mathematics,,,
fiftytwo.video,available,56,6%,9,Mathematics,,,
xliv.video,available,56,2%,4,Mathematics,,,
fiftyfive.video,available,56,7%,10,Mathematics,,,
xxviii.video,available,56,1%,6,Mathematics,,,
liii.video,available,56,4%,4,Mathematics,,,
xxxiii.video,available,56,2%,6,Mathematics,,,
halfdozen.video,available,56,1%,10,Mathematics,,,
potbellied.video,available,56,0%,10,"Health and Fitness,Medicine",,,
fiftysix.video,available,56,4%,9,Mathematics,,,
fortynine.video,available,56,3%,10,Mathematics,,,
maledict.video,available,56,1%,8,Religion,,,
xxxvii.video,available,56,2%,6,Mathematics,,,
fiftyfour.video,available,56,3%,10,Mathematics,,,
appressed.video,available,56,0%,9,"Agriculture,Manufacturing,Retail",,,
abeyant.video,available,56,1%,7,"Business,Law",,,
aone.video,available,56,15%,5,Food and Beverage,,,
fiftynine.video,available,56,4%,10,Mathematics,,,
ilx.video,available,56,5%,3,Mathematics,,,
xxvii.video,available,56,3%,5,Mathematics,,,
xxxiv.video,available,56,1%,5,Mathematics,,,
xxxv.video,available,56,4%,4,Mathematics,,,
xliii.video,available,56,1%,5,Mathematics,,,
thirtytwo.video,available,56,5%,10,Mathematics,,,
fiftyone.video,available,56,7%,9,Mathematics,,,
xli.video,available,56,5%,3,Mathematics,,,
xxxii.video,available,56,1%,5,Mathematics,,,
unnatural.video,available,54,4%,9,"Medicine,Science",,,
threescore.video,available,54,1%,10,Mathematics,,,
acoustical.video,available,54,4%,10,Science,,,
adaxial.video,available,54,2%,7,Science,,,
adductive.video,available,54,0%,9,"Engineering,Mathematics,Science",,,
sise.video,available,54,5%,4,Mathematics,,,
twoscore.video,available,54,2%,8,Mathematics,,,
monitory.video,available,54,3%,8,"Business,Education,Healthcare",,,
deuceace.video,available,54,2%,9,Sports,,,
accursed.video,available,54,3%,8,"Entertainment,Media,Religion",,,
abasic.video,available,54,1%,6,Science,,,
viii.video,available,54,6%,4,Mathematics,,,
adjuratory.video,available,54,0%,10,"Law,Politics,Religion",,,
adducent.video,available,54,1%,8,"Engineering,Mathematics,Science",,,
accentual.video,available,54,3%,9,"Arts,Entertainment",,,
scratchy.video,available,54,3%,8,Fashion,,,
abducens.video,available,54,1%,8,Medicine,,,
vii.video,available,54,13%,3,Mathematics,,,
quaternity.video,available,54,4%,10,Mathematics,,,
abatic.video,available,54,1%,6,Science,,,
quadruplet.video,available,54,1%,10,"Healthcare,Medicine,Science",,,
topnotch.video,available,54,18%,8,Business,,,
deserted.video,available,54,3%,8,"Hospitality,Real Estate",,,
abatable.video,available,54,1%,8,Law,,,
ternion.video,available,54,3%,7,Mathematics,,,
fortyfive.video,available,54,4%,10,Mathematics,,,
admonitory.video,available,54,0%,10,"Business,Education,Healthcare",,,
adpressed.video,available,54,0%,9,"Agriculture,Manufacturing,Retail",,,
actuated.video,available,54,2%,8,"Automotive,Manufacturing,Technology",,,
quintuplet.video,available,54,1%,10,"Healthcare,Medicine,Science",,,
adducting.video,available,54,1%,9,"Engineering,Mathematics,Science",,,
achromatic.video,available,54,4%,10,Science,,,
quaternion.video,available,54,6%,10,Mathematics,,,
achy.video,available,54,3%,4,Healthcare,,,
quatern.video,available,54,2%,7,Mathematics,,,
abhorrent.video,available,54,1%,9,Humanities,,,
iii.video,available,54,24%,3,Mathematics,,,
abient.video,available,54,1%,6,Science,,,
aboral.video,available,54,2%,6,Science,,,
abaxial.video,available,54,1%,7,Science,,,
xxx.video,resell,53,30%,3,"Arts,Entertainment,Media",15/11/2016 18:52,15/11/2026 18:52,"GoDaddy.com, LLC"
septet.video,available,53,1%,6,General,,,
sestet.video,available,53,1%,6,Arts,,,
lxxiii.video,available,52,1%,6,Mathematics,,,
adenoidal.video,available,52,1%,9,"Health and Fitness,Medicine,Science",,,
lxxxiii.video,available,52,1%,7,Mathematics,,,
xcv.video,available,52,7%,3,Mathematics,,,
uphill.video,available,52,7%,6,"Sports,Transportation,Travel",,,
repulsive.video,available,52,1%,9,Humanities,,,
sixtysix.video,available,52,4%,9,Mathematics,,,
abominable.video,available,52,2%,10,"Entertainment,Humanities",,,
eightyone.video,available,52,3%,10,Mathematics,,,
lxiii.video,available,52,2%,5,Mathematics,,,
lxxvii.video,available,52,2%,6,Mathematics,,,
ninetysix.video,available,52,4%,10,Mathematics,,,
lxvii.video,available,52,1%,5,Mathematics,,,
sixtyfive.video,available,52,3%,10,Mathematics,,,
lxi.video,available,52,5%,3,Mathematics,,,
lxxxv.video,available,52,1%,5,Mathematics,,,
lxiv.video,available,52,3%,4,Mathematics,,,
lxviii.video,available,52,1%,6,Mathematics,,,
ablated.video,available,52,1%,7,Science,,,
xciv.video,available,52,2%,4,Mathematics,,,
lxxii.video,available,52,1%,5,Mathematics,,,
lxxiv.video,available,52,1%,5,Mathematics,,,
aboulic.video,available,52,1%,7,Medicine,,,
lxxxi.video,available,52,1%,5,Mathematics,,,
repugnant.video,available,52,1%,9,Humanities,,,
lxxxvi.video,available,52,1%,6,Mathematics,,,
xciii.video,available,52,1%,5,Mathematics,,,
tierce.video,available,52,3%,6,General,,,
eightytwo.video,available,52,4%,10,Mathematics,,,
ixl.video,available,52,9%,3,Mathematics,,,
lxxv.video,available,52,1%,4,Mathematics,,,
lxvi.video,available,52,3%,4,Mathematics,,,
xcvii.video,available,52,1%,5,Mathematics,,,
lxxvi.video,available,52,1%,5,Mathematics,,,
sixtyfour.video,available,52,3%,10,Mathematics,,,
xcviii.video,available,52,1%,6,Mathematics,,,
ninetyone.video,available,52,5%,10,Mathematics,,,
lxxxii.video,available,52,1%,6,Mathematics,,,
lxv.video,available,52,5%,3,Mathematics,,,
littlejoe.video,available,52,2%,10,"Entertainment,Media",,,
abstruse.video,available,52,5%,8,"Humanities,Mathematics,Science",,,
lxii.video,available,52,1%,4,Mathematics,,,
abusive.video,available,52,3%,7,"Healthcare,Law",,,
ninetytwo.video,available,52,4%,10,Mathematics,,,
ixc.video,available,52,5%,3,Mathematics,,,
lxxi.video,available,52,1%,4,Mathematics,,,
xcii.video,available,52,2%,4,Mathematics,,,
detestable.video,available,52,1%,10,Humanities,,,
abysmal.video,available,52,4%,7,"Arts,Entertainment,Media",,,
xcvi.video,available,52,2%,4,Mathematics,,,
odious.video,available,52,2%,6,"Entertainment,Humanities",,,
lxxxiv.video,available,52,1%,6,Mathematics,,,
lxxxvii.video,available,52,1%,7,Mathematics,,,
xci.video,available,52,4%,3,Mathematics,,,
chagrined.video,available,52,1%,9,Humanities,,,
sixtytwo.video,available,52,3%,9,Mathematics,,,
decumbent.video,available,52,1%,9,"Healthcare,Medicine,Science",,,
vinegary.video,available,50,1%,8,Food and Beverage,,,
adactylous.video,available,50,0%,10,Science,,,
acaudal.video,available,50,1%,7,"Agriculture,Science",,,
abactinal.video,available,50,0%,9,Science,,,
aculeated.video,available,50,0%,9,"Engineering,Medicine,Science",,,
trine.video,available,50,11%,5,"General,Religion",,,
needlelike.video,available,50,0%,10,"Engineering,Medicine,Science",,,
abranchial.video,available,50,0%,10,Science,,,
acetose.video,available,50,1%,7,Science,,,
quint.video,available,50,13%,5,"Arts,Entertainment",,,
aborticide.video,available,50,0%,10,Medicine,,,
acerb.video,available,50,2%,5,Science,,,
scummy.video,available,50,1%,6,Humanities,,,
adhominem.video,available,50,2%,10,"Humanities,Law,Politics",,,
abdicable.video,available,50,0%,9,Law,,,
gillless.video,available,50,0%,9,Science,,,
abducting.video,available,50,0%,9,Medicine,,,
acellular.video,available,50,1%,9,Science,,,
acquitted.video,available,50,1%,9,Law,,,
acapnotic.video,available,50,0%,9,"Healthcare,Medicine,Science",,,
abbatial.video,available,50,0%,8,Religion,,,
acerbic.video,available,50,2%,7,"Arts,Humanities,Media",,,
acapnic.video,available,50,0%,7,"Healthcare,Medicine,Science",,,
acetous.video,available,50,1%,7,Science,,,
lxx.video,available,50,5%,3,Mathematics,,,
acerose.video,available,50,1%,7,Science,,,
abomasal.video,available,50,0%,8,Agriculture,,,
triplet.video,available,50,8%,7,Science,,,
broached.video,available,50,0%,8,Food and Beverage,,,
ogdoad.video,available,50,1%,6,Mathematics,,,
cinque.video,available,50,7%,6,Mathematics,,,
spinous.video,available,50,1%,7,"Agriculture,Science",,,
lxxxviii.video,available,48,1%,8,Mathematics,,,
apriori.video,available,48,13%,8,Mathematics,,,
notguilty.video,available,48,5%,10,Law,,,
execrable.video,available,48,0%,9,"Entertainment,Humanities",,,
ilxx.video,available,48,1%,4,Mathematics,,,
abyssal.video,available,48,12%,7,"Arts,Entertainment,Media",,,
abstracted.video,available,48,5%,10,"Arts,Humanities,Science",,,
ilxxx.video,available,48,1%,5,Mathematics,,,
acaudate.video,available,46,1%,8,"Agriculture,Science",,,
acetabular.video,available,46,1%,10,Science,,,
acicular.video,available,46,2%,8,Science,,,
stemless.video,available,46,2%,8,"Agriculture,Science",,,
achromous.video,available,46,1%,9,Science,,,
acarpous.video,available,46,0%,8,"Agriculture,Science",,,
vinegarish.video,available,46,1%,10,Food and Beverage,,,
acephalous.video,available,46,1%,10,Science,,,
acarpelous.video,available,46,0%,10,"Agriculture,Science",,,
theabsurd.video,available,46,1%,10,"Arts,Entertainment,Media",,,
acetylic.video,available,46,1%,8,Science,,,
achenial.video,available,46,1%,8,Science,,,
stripling.video,available,46,2%,9,"Education,Entertainment,Healthcare",,,
acapnial.video,available,46,0%,8,"Healthcare,Medicine,Science",,,
acanthotic.video,available,46,0%,10,"Agriculture,Science",,,
acetylenic.video,available,46,1%,10,Science,,,
acanthous.video,available,46,0%,9,"Agriculture,Science",,,
cotyloid.video,available,46,1%,8,Science,,,
achromic.video,available,46,2%,8,Science,,,
acanthoid.video,available,46,1%,9,"Agriculture,Science",,,
acetonic.video,available,46,1%,8,Science,,,
acheronian.video,available,46,1%,10,Humanities,,,
quaternary.video,available,46,3%,10,Mathematics,,,
acherontic.video,available,44,1%,10,Humanities,,,
cotyloidal.video,available,44,1%,10,Science,,,
accusatory.video,available,44,1%,10,Law,,,
abscessed.video,available,41,0%,9,Healthcare,,,
phoebe.video,available,41,14%,6,Science,,,
accusive.video,available,40,1%,8,Law,,,
scurrilous.video,available,40,1%,10,"Entertainment,Media,Politics",,,
accurst.video,available,40,1%,7,Religion,,,